object_id,time_inside_marked_area
19,26.353222370147705
11,40.168205976486206
5,95.39684867858887
7,98.9987907409668
